{
  "generator-jhipster": {
    "jhipsterVersion": "4.13.3",
    "baseName": "JHipsterRegistry",
    "packageName": "io.github.jhipster.registry",
    "packageFolder": "io/github/jhipster/registry",
    "serverPort": "8761",
    "authenticationType": "jwt",
    "hibernateCache": "no",
    "clusteredHttpSession": false,
    "websocket": false,
    "databaseType": "no",
    "devDatabaseType": "no",
    "prodDatabaseType": "no",
    "searchEngine": false,
    "messageBroker": false,
    "serviceDiscoveryType": "eureka",
    "buildTool": "maven",
    "enableSocialSignIn": false,
    "jwtSecretKey": "c9d37cefc48581919939d587c750ea215020765b",
    "useSass": true,
    "enableTranslation": false,
    "applicationType": "gateway",
    "testFrameworks": [],
    "jhiPrefix": "jhi",
    "skipClient": false,
    "skipUserManagement": false,
    "clientPackageManager": "yarn",
    "clientFramework": "angularX",
    "cacheProvider": "no",
    "enableHibernateCache": false
  }
}